,AYB,Discretise,Frequency
0,1900.0,Old,2382
1,1907.0,Old,2382
2,1900.0,Old,2382
3,1890.0,Old,2382
4,1948.0,Old,2382
5,1897.0,Old,2382
6,1922.0,Old,2382
7,1910.0,Old,2382
8,1902.0,Old,2382
9,1978.0,New,433
10,1910.0,Old,2382
11,1895.0,Old,2382
12,1910.0,Old,2382
13,1895.0,Old,2382
14,1890.0,Old,2382
15,1926.0,Old,2382
16,1900.0,Old,2382
17,1905.0,Old,2382
18,1915.0,Old,2382
19,1900.0,Old,2382
20,1900.0,Old,2382
21,1890.0,Old,2382
22,1885.0,Old,2382
23,1912.0,Old,2382
24,1885.0,Old,2382
25,1892.0,Old,2382
26,1885.0,Old,2382
27,1890.0,Old,2382
28,1900.0,Old,2382
29,1900.0,Old,2382
30,2001.0,Very New,175
31,1900.0,Old,2382
32,1909.0,Old,2382
33,2019.0,Very New,175
34,1979.0,New,433
35,1885.0,Old,2382
36,1945.0,Old,2382
37,1895.0,Old,2382
38,1914.0,Old,2382
39,1912.0,Old,2382
40,1927.0,Old,2382
41,1895.0,Old,2382
42,1885.0,Old,2382
43,1885.0,Old,2382
44,1911.0,Old,2382
45,1911.0,Old,2382
46,1900.0,Old,2382
47,1910.0,Old,2382
48,1870.0,Old,2382
49,1870.0,Old,2382
50,1890.0,Old,2382
51,1928.0,Old,2382
52,1880.0,Old,2382
53,1915.0,Old,2382
54,1890.0,Old,2382
55,1890.0,Old,2382
56,1905.0,Old,2382
57,1905.0,Old,2382
58,1915.0,Old,2382
59,1885.0,Old,2382
60,2001.0,Very New,175
61,1880.0,Old,2382
62,1909.0,Old,2382
63,1900.0,Old,2382
64,1910.0,Old,2382
65,1895.0,Old,2382
66,1961.0,New,433
67,1970.0,New,433
68,1976.0,New,433
69,2002.0,Very New,175
70,1911.0,Old,2382
71,1885.0,Old,2382
72,1915.0,Old,2382
73,1908.0,Old,2382
74,1885.0,Old,2382
75,1921.0,Old,2382
76,1900.0,Old,2382
77,1975.0,New,433
78,1912.0,Old,2382
79,1885.0,Old,2382
80,1874.0,Old,2382
81,1900.0,Old,2382
82,1910.0,Old,2382
83,1910.0,Old,2382
84,1900.0,Old,2382
85,1905.0,Old,2382
86,1890.0,Old,2382
87,1900.0,Old,2382
88,1900.0,Old,2382
89,1911.0,Old,2382
90,1910.0,Old,2382
91,1890.0,Old,2382
92,1920.0,Old,2382
93,1900.0,Old,2382
94,1900.0,Old,2382
95,1900.0,Old,2382
96,1900.0,Old,2382
97,1900.0,Old,2382
98,1905.0,Old,2382
99,2009.0,Very New,175
100,1890.0,Old,2382
101,1890.0,Old,2382
102,1895.0,Old,2382
103,1924.0,Old,2382
104,1912.0,Old,2382
105,1908.0,Old,2382
106,1908.0,Old,2382
107,1890.0,Old,2382
108,1894.0,Old,2382
109,1972.0,New,433
110,1972.0,New,433
111,1910.0,Old,2382
112,1895.0,Old,2382
113,1885.0,Old,2382
114,1900.0,Old,2382
115,1900.0,Old,2382
116,1900.0,Old,2382
117,1900.0,Old,2382
118,1900.0,Old,2382
119,1967.0,New,433
120,1900.0,Old,2382
121,1900.0,Old,2382
122,1890.0,Old,2382
123,2001.0,Very New,175
124,1910.0,Old,2382
125,1890.0,Old,2382
126,1916.0,Old,2382
127,2001.0,Very New,175
128,1910.0,Old,2382
129,1880.0,Old,2382
130,1900.0,Old,2382
131,1900.0,Old,2382
132,1900.0,Old,2382
133,1978.0,New,433
134,1900.0,Old,2382
135,1890.0,Old,2382
136,1890.0,Old,2382
137,1890.0,Old,2382
138,1908.0,Old,2382
139,1905.0,Old,2382
140,1966.0,New,433
141,1909.0,Old,2382
142,1900.0,Old,2382
143,1904.0,Old,2382
144,1910.0,Old,2382
145,1900.0,Old,2382
146,1924.0,Old,2382
147,1900.0,Old,2382
148,1915.0,Old,2382
149,1989.0,New,433
150,1915.0,Old,2382
151,1880.0,Old,2382
152,1880.0,Old,2382
153,1890.0,Old,2382
154,1880.0,Old,2382
155,1907.0,Old,2382
156,1907.0,Old,2382
157,1905.0,Old,2382
158,1914.0,Old,2382
159,1988.0,New,433
160,0.0,Very Old,10
161,1909.0,Old,2382
162,1913.0,Old,2382
163,1915.0,Old,2382
164,1916.0,Old,2382
165,1916.0,Old,2382
166,1912.0,Old,2382
167,1900.0,Old,2382
168,1910.0,Old,2382
169,1932.0,Old,2382
170,1917.0,Old,2382
171,1890.0,Old,2382
172,1890.0,Old,2382
173,1900.0,Old,2382
174,1890.0,Old,2382
175,1900.0,Old,2382
176,1900.0,Old,2382
177,1900.0,Old,2382
178,1900.0,Old,2382
179,1900.0,Old,2382
180,1900.0,Old,2382
181,1940.0,Old,2382
182,1941.0,Old,2382
183,1909.0,Old,2382
184,1900.0,Old,2382
185,1924.0,Old,2382
186,1924.0,Old,2382
187,1890.0,Old,2382
188,1906.0,Old,2382
189,1906.0,Old,2382
190,1906.0,Old,2382
191,1900.0,Old,2382
192,1900.0,Old,2382
193,1900.0,Old,2382
194,1900.0,Old,2382
195,1900.0,Old,2382
196,1964.0,New,433
197,1890.0,Old,2382
198,1911.0,Old,2382
199,1966.0,New,433
200,1966.0,New,433
201,1938.0,Old,2382
202,1900.0,Old,2382
203,2012.0,Very New,175
204,1913.0,Old,2382
205,1853.0,Old,2382
206,1925.0,Old,2382
207,1900.0,Old,2382
208,1900.0,Old,2382
209,1909.0,Old,2382
210,2012.0,Very New,175
211,2011.0,Very New,175
212,1909.0,Old,2382
213,1909.0,Old,2382
214,1890.0,Old,2382
215,1892.0,Old,2382
216,1890.0,Old,2382
217,1925.0,Old,2382
218,1900.0,Old,2382
219,1908.0,Old,2382
220,1914.0,Old,2382
221,1900.0,Old,2382
222,1890.0,Old,2382
223,1981.0,New,433
224,1900.0,Old,2382
225,1880.0,Old,2382
226,1900.0,Old,2382
227,1900.0,Old,2382
228,1913.0,Old,2382
229,1900.0,Old,2382
230,1905.0,Old,2382
231,1964.0,New,433
232,1964.0,New,433
233,1890.0,Old,2382
234,1962.0,New,433
235,1890.0,Old,2382
236,1900.0,Old,2382
237,1892.0,Old,2382
238,1932.0,Old,2382
239,1870.0,Old,2382
240,1911.0,Old,2382
241,1900.0,Old,2382
242,1890.0,Old,2382
243,1905.0,Old,2382
244,1900.0,Old,2382
245,1910.0,Old,2382
246,1912.0,Old,2382
247,1840.0,Old,2382
248,1900.0,Old,2382
249,1900.0,Old,2382
250,1965.0,New,433
251,1914.0,Old,2382
252,1910.0,Old,2382
253,1900.0,Old,2382
254,1965.0,New,433
255,1900.0,Old,2382
256,1890.0,Old,2382
257,1923.0,Old,2382
258,1912.0,Old,2382
259,1910.0,Old,2382
260,1880.0,Old,2382
261,1900.0,Old,2382
262,1908.0,Old,2382
263,1900.0,Old,2382
264,1915.0,Old,2382
265,1960.0,New,433
266,1918.0,Old,2382
267,1900.0,Old,2382
268,1900.0,Old,2382
269,1908.0,Old,2382
270,1913.0,Old,2382
271,1911.0,Old,2382
272,1924.0,Old,2382
273,1922.0,Old,2382
274,1910.0,Old,2382
275,2009.0,Very New,175
276,1885.0,Old,2382
277,1890.0,Old,2382
278,1911.0,Old,2382
279,1900.0,Old,2382
280,1910.0,Old,2382
281,1905.0,Old,2382
282,1900.0,Old,2382
283,1900.0,Old,2382
284,1900.0,Old,2382
285,1906.0,Old,2382
286,1949.0,Old,2382
287,1900.0,Old,2382
288,1912.0,Old,2382
289,1900.0,Old,2382
290,1900.0,Old,2382
291,1910.0,Old,2382
292,1890.0,Old,2382
293,1900.0,Old,2382
294,1912.0,Old,2382
295,1900.0,Old,2382
296,1900.0,Old,2382
297,1900.0,Old,2382
298,1911.0,Old,2382
299,1913.0,Old,2382
300,1913.0,Old,2382
301,1900.0,Old,2382
302,1893.0,Old,2382
303,1900.0,Old,2382
304,1916.0,Old,2382
305,1920.0,Old,2382
306,1920.0,Old,2382
307,1916.0,Old,2382
308,1890.0,Old,2382
309,1850.0,Old,2382
310,1900.0,Old,2382
311,1912.0,Old,2382
312,2002.0,Very New,175
313,1908.0,Old,2382
314,1915.0,Old,2382
315,1900.0,Old,2382
316,1890.0,Old,2382
317,1915.0,Old,2382
318,1900.0,Old,2382
319,1900.0,Old,2382
320,1911.0,Old,2382
321,1991.0,New,433
322,1870.0,Old,2382
323,1910.0,Old,2382
324,1915.0,Old,2382
325,1912.0,Old,2382
326,1900.0,Old,2382
327,1906.0,Old,2382
328,1920.0,Old,2382
329,1918.0,Old,2382
330,1900.0,Old,2382
331,1923.0,Old,2382
332,1900.0,Old,2382
333,1925.0,Old,2382
334,1900.0,Old,2382
335,1910.0,Old,2382
336,1920.0,Old,2382
337,1908.0,Old,2382
338,2010.0,Very New,175
339,1913.0,Old,2382
340,1915.0,Old,2382
341,1924.0,Old,2382
342,1924.0,Old,2382
343,1900.0,Old,2382
344,1922.0,Old,2382
345,1900.0,Old,2382
346,1895.0,Old,2382
347,1900.0,Old,2382
348,1900.0,Old,2382
349,1900.0,Old,2382
350,1915.0,Old,2382
351,1923.0,Old,2382
352,1900.0,Old,2382
353,1913.0,Old,2382
354,1900.0,Old,2382
355,1924.0,Old,2382
356,1910.0,Old,2382
357,2008.0,Very New,175
358,2008.0,Very New,175
359,1885.0,Old,2382
360,1900.0,Old,2382
361,1900.0,Old,2382
362,1957.0,New,433
363,1900.0,Old,2382
364,1922.0,Old,2382
365,1900.0,Old,2382
366,1924.0,Old,2382
367,1900.0,Old,2382
368,1899.0,Old,2382
369,1900.0,Old,2382
370,1900.0,Old,2382
371,1900.0,Old,2382
372,1908.0,Old,2382
373,1908.0,Old,2382
374,1908.0,Old,2382
375,1890.0,Old,2382
376,1913.0,Old,2382
377,1913.0,Old,2382
378,1905.0,Old,2382
379,1905.0,Old,2382
380,1905.0,Old,2382
381,1905.0,Old,2382
382,1900.0,Old,2382
383,1908.0,Old,2382
384,1900.0,Old,2382
385,1908.0,Old,2382
386,1966.0,New,433
387,1966.0,New,433
388,1930.0,Old,2382
389,1976.0,New,433
390,1905.0,Old,2382
391,1914.0,Old,2382
392,1920.0,Old,2382
393,1911.0,Old,2382
394,1908.0,Old,2382
395,1912.0,Old,2382
396,1926.0,Old,2382
397,1925.0,Old,2382
398,1923.0,Old,2382
399,1900.0,Old,2382
400,1910.0,Old,2382
401,1909.0,Old,2382
402,1900.0,Old,2382
403,1900.0,Old,2382
404,1910.0,Old,2382
405,1908.0,Old,2382
406,1917.0,Old,2382
407,1925.0,Old,2382
408,1915.0,Old,2382
409,1913.0,Old,2382
410,1976.0,New,433
411,1915.0,Old,2382
412,1915.0,Old,2382
413,1900.0,Old,2382
414,1915.0,Old,2382
415,1923.0,Old,2382
416,1910.0,Old,2382
417,1917.0,Old,2382
418,1911.0,Old,2382
419,1954.0,New,433
420,1911.0,Old,2382
421,1900.0,Old,2382
422,1902.0,Old,2382
423,1919.0,Old,2382
424,1925.0,Old,2382
425,1900.0,Old,2382
426,1905.0,Old,2382
427,1912.0,Old,2382
428,1912.0,Old,2382
429,1969.0,New,433
430,1969.0,New,433
431,1900.0,Old,2382
432,1916.0,Old,2382
433,1916.0,Old,2382
434,2004.0,Very New,175
435,1900.0,Old,2382
436,1900.0,Old,2382
437,1910.0,Old,2382
438,1900.0,Old,2382
439,1913.0,Old,2382
440,1913.0,Old,2382
441,1900.0,Old,2382
442,1926.0,Old,2382
443,1913.0,Old,2382
444,1900.0,Old,2382
445,1900.0,Old,2382
446,1900.0,Old,2382
447,1912.0,Old,2382
448,1912.0,Old,2382
449,1925.0,Old,2382
450,1911.0,Old,2382
451,1911.0,Old,2382
452,1978.0,New,433
453,1927.0,Old,2382
454,1910.0,Old,2382
455,1925.0,Old,2382
456,1908.0,Old,2382
457,1927.0,Old,2382
458,1927.0,Old,2382
459,1910.0,Old,2382
460,1912.0,Old,2382
461,1912.0,Old,2382
462,1900.0,Old,2382
463,1910.0,Old,2382
464,1923.0,Old,2382
465,1916.0,Old,2382
466,1916.0,Old,2382
467,1912.0,Old,2382
468,1905.0,Old,2382
469,1905.0,Old,2382
470,1910.0,Old,2382
471,1912.0,Old,2382
472,1915.0,Old,2382
473,1906.0,Old,2382
474,1906.0,Old,2382
475,1911.0,Old,2382
476,1908.0,Old,2382
477,1915.0,Old,2382
478,1900.0,Old,2382
479,1908.0,Old,2382
480,1909.0,Old,2382
481,1918.0,Old,2382
482,1919.0,Old,2382
483,1908.0,Old,2382
484,1890.0,Old,2382
485,1900.0,Old,2382
486,1924.0,Old,2382
487,1929.0,Old,2382
488,1990.0,New,433
489,1929.0,Old,2382
490,1900.0,Old,2382
491,1910.0,Old,2382
492,1910.0,Old,2382
493,1915.0,Old,2382
494,1925.0,Old,2382
495,1925.0,Old,2382
496,1914.0,Old,2382
497,1918.0,Old,2382
498,1911.0,Old,2382
499,1959.0,New,433
500,1913.0,Old,2382
501,1923.0,Old,2382
502,1923.0,Old,2382
503,1923.0,Old,2382
504,1925.0,Old,2382
505,1914.0,Old,2382
506,1928.0,Old,2382
507,1923.0,Old,2382
508,1908.0,Old,2382
509,1925.0,Old,2382
510,1940.0,Old,2382
511,1906.0,Old,2382
512,1949.0,Old,2382
513,1925.0,Old,2382
514,1949.0,Old,2382
515,1907.0,Old,2382
516,1937.0,Old,2382
517,1941.0,Old,2382
518,1914.0,Old,2382
519,1977.0,New,433
520,1928.0,Old,2382
521,1900.0,Old,2382
522,1928.0,Old,2382
523,1900.0,Old,2382
524,1900.0,Old,2382
525,1900.0,Old,2382
526,1900.0,Old,2382
527,1900.0,Old,2382
528,1887.0,Old,2382
529,1915.0,Old,2382
530,1915.0,Old,2382
531,1900.0,Old,2382
532,1900.0,Old,2382
533,1900.0,Old,2382
534,1900.0,Old,2382
535,1929.0,Old,2382
536,1925.0,Old,2382
537,1958.0,New,433
538,1925.0,Old,2382
539,1926.0,Old,2382
540,1908.0,Old,2382
541,1925.0,Old,2382
542,1900.0,Old,2382
543,1900.0,Old,2382
544,1900.0,Old,2382
545,1900.0,Old,2382
546,1900.0,Old,2382
547,1900.0,Old,2382
548,1900.0,Old,2382
549,1926.0,Old,2382
550,1908.0,Old,2382
551,1908.0,Old,2382
552,1860.0,Old,2382
553,1937.0,Old,2382
554,1937.0,Old,2382
555,1908.0,Old,2382
556,1900.0,Old,2382
557,2012.0,Very New,175
558,1800.0,Very Old,10
559,1980.0,New,433
560,1967.0,New,433
561,1900.0,Old,2382
562,1900.0,Old,2382
563,1900.0,Old,2382
564,1900.0,Old,2382
565,1900.0,Old,2382
566,1900.0,Old,2382
567,1900.0,Old,2382
568,1909.0,Old,2382
569,1900.0,Old,2382
570,1936.0,Old,2382
571,1936.0,Old,2382
572,1900.0,Old,2382
573,1928.0,Old,2382
574,1928.0,Old,2382
575,1900.0,Old,2382
576,1870.0,Old,2382
577,1922.0,Old,2382
578,1911.0,Old,2382
579,1900.0,Old,2382
580,1900.0,Old,2382
581,1988.0,New,433
582,1988.0,New,433
583,1931.0,Old,2382
584,2000.0,New,433
585,1900.0,Old,2382
586,1900.0,Old,2382
587,1993.0,New,433
588,1981.0,New,433
589,1925.0,Old,2382
590,1925.0,Old,2382
591,1935.0,Old,2382
592,1930.0,Old,2382
593,1900.0,Old,2382
594,1818.0,Old,2382
595,1948.0,Old,2382
596,1900.0,Old,2382
597,1978.0,New,433
598,1924.0,Old,2382
599,1924.0,Old,2382
600,1931.0,Old,2382
601,1900.0,Old,2382
602,1900.0,Old,2382
603,1900.0,Old,2382
604,1951.0,New,433
605,1921.0,Old,2382
606,1900.0,Old,2382
607,1900.0,Old,2382
608,1900.0,Old,2382
609,1900.0,Old,2382
610,1900.0,Old,2382
611,1923.0,Old,2382
612,1940.0,Old,2382
613,1940.0,Old,2382
614,1940.0,Old,2382
615,1940.0,Old,2382
616,1926.0,Old,2382
617,1924.0,Old,2382
618,1900.0,Old,2382
619,1930.0,Old,2382
620,1913.0,Old,2382
621,1900.0,Old,2382
622,1942.0,Old,2382
623,1938.0,Old,2382
624,1950.0,Old,2382
625,1932.0,Old,2382
626,1900.0,Old,2382
627,1900.0,Old,2382
628,1914.0,Old,2382
629,1959.0,New,433
630,1929.0,Old,2382
631,1900.0,Old,2382
632,1925.0,Old,2382
633,1926.0,Old,2382
634,1912.0,Old,2382
635,1927.0,Old,2382
636,1927.0,Old,2382
637,1926.0,Old,2382
638,1930.0,Old,2382
639,1900.0,Old,2382
640,1910.0,Old,2382
641,1928.0,Old,2382
642,1900.0,Old,2382
643,1933.0,Old,2382
644,1933.0,Old,2382
645,1900.0,Old,2382
646,1900.0,Old,2382
647,1910.0,Old,2382
648,1895.0,Old,2382
649,1926.0,Old,2382
650,1948.0,Old,2382
651,1934.0,Old,2382
652,1934.0,Old,2382
653,1950.0,Old,2382
654,1927.0,Old,2382
655,1951.0,New,433
656,1959.0,New,433
657,1925.0,Old,2382
658,1928.0,Old,2382
659,1926.0,Old,2382
660,1950.0,Old,2382
661,1939.0,Old,2382
662,1930.0,Old,2382
663,2004.0,Very New,175
664,1932.0,Old,2382
665,1930.0,Old,2382
666,1935.0,Old,2382
667,1936.0,Old,2382
668,1936.0,Old,2382
669,1955.0,New,433
670,1970.0,New,433
671,1976.0,New,433
672,1986.0,New,433
673,1926.0,Old,2382
674,1911.0,Old,2382
675,1927.0,Old,2382
676,1930.0,Old,2382
677,1949.0,Old,2382
678,1981.0,New,433
679,1987.0,New,433
680,2000.0,New,433
681,1987.0,New,433
682,1956.0,New,433
683,1926.0,Old,2382
684,1999.0,New,433
685,1999.0,New,433
686,1929.0,Old,2382
687,1924.0,Old,2382
688,1924.0,Old,2382
689,1932.0,Old,2382
690,1997.0,New,433
691,1939.0,Old,2382
692,1932.0,Old,2382
693,1933.0,Old,2382
694,1980.0,New,433
695,1953.0,New,433
696,1933.0,Old,2382
697,1952.0,New,433
698,1993.0,New,433
699,1996.0,New,433
700,1979.0,New,433
701,1983.0,New,433
702,2001.0,Very New,175
703,1974.0,New,433
704,1917.0,Old,2382
705,1938.0,Old,2382
706,1948.0,Old,2382
707,1938.0,Old,2382
708,1941.0,Old,2382
709,1942.0,Old,2382
710,1989.0,New,433
711,1989.0,New,433
712,1938.0,Old,2382
713,1971.0,New,433
714,1960.0,New,433
715,1928.0,Old,2382
716,1992.0,New,433
717,1922.0,Old,2382
718,1923.0,Old,2382
719,2006.0,Very New,175
720,2015.0,Very New,175
721,2016.0,Very New,175
722,1924.0,Old,2382
723,2006.0,Very New,175
724,1911.0,Old,2382
725,1926.0,Old,2382
726,1944.0,Old,2382
727,1938.0,Old,2382
728,1988.0,New,433
729,1938.0,Old,2382
730,1960.0,New,433
731,1986.0,New,433
732,1988.0,New,433
733,1923.0,Old,2382
734,1927.0,Old,2382
735,1965.0,New,433
736,1921.0,Old,2382
737,1989.0,New,433
738,1926.0,Old,2382
739,1929.0,Old,2382
740,1923.0,Old,2382
741,1936.0,Old,2382
742,1933.0,Old,2382
743,1934.0,Old,2382
744,1920.0,Old,2382
745,1932.0,Old,2382
746,1942.0,Old,2382
747,1938.0,Old,2382
748,1992.0,New,433
749,1992.0,New,433
750,1962.0,New,433
751,1940.0,Old,2382
752,1942.0,Old,2382
753,1979.0,New,433
754,1923.0,Old,2382
755,1979.0,New,433
756,1953.0,New,433
757,1925.0,Old,2382
758,1925.0,Old,2382
759,1923.0,Old,2382
760,1936.0,Old,2382
761,1936.0,Old,2382
762,1923.0,Old,2382
763,1948.0,Old,2382
764,1932.0,Old,2382
765,1952.0,New,433
766,1940.0,Old,2382
767,1940.0,Old,2382
768,1934.0,Old,2382
769,1936.0,Old,2382
770,1996.0,New,433
771,1984.0,New,433
772,1930.0,Old,2382
773,1988.0,New,433
774,1895.0,Old,2382
775,1940.0,Old,2382
776,1941.0,Old,2382
777,1939.0,Old,2382
778,1936.0,Old,2382
779,1908.0,Old,2382
780,1934.0,Old,2382
781,1953.0,New,433
782,1937.0,Old,2382
783,1979.0,New,433
784,1935.0,Old,2382
785,1932.0,Old,2382
786,1979.0,New,433
787,1979.0,New,433
788,1927.0,Old,2382
789,1955.0,New,433
790,1979.0,New,433
791,1925.0,Old,2382
792,1922.0,Old,2382
793,1938.0,Old,2382
794,1925.0,Old,2382
795,1925.0,Old,2382
796,1939.0,Old,2382
797,1925.0,Old,2382
798,1979.0,New,433
799,1941.0,Old,2382
800,1936.0,Old,2382
801,1950.0,Old,2382
802,1956.0,New,433
803,1978.0,New,433
804,1936.0,Old,2382
805,1927.0,Old,2382
806,1940.0,Old,2382
807,1937.0,Old,2382
808,1938.0,Old,2382
809,1937.0,Old,2382
810,1938.0,Old,2382
811,1939.0,Old,2382
812,1940.0,Old,2382
813,1937.0,Old,2382
814,1929.0,Old,2382
815,1928.0,Old,2382
816,1939.0,Old,2382
817,1932.0,Old,2382
818,1939.0,Old,2382
819,1955.0,New,433
820,1940.0,Old,2382
821,1940.0,Old,2382
822,1979.0,New,433
823,1925.0,Old,2382
824,1936.0,Old,2382
825,1939.0,Old,2382
826,1928.0,Old,2382
827,1927.0,Old,2382
828,1926.0,Old,2382
829,1938.0,Old,2382
830,1940.0,Old,2382
831,1940.0,Old,2382
832,1938.0,Old,2382
833,1936.0,Old,2382
834,1937.0,Old,2382
835,1933.0,Old,2382
836,1925.0,Old,2382
837,1932.0,Old,2382
838,1932.0,Old,2382
839,1937.0,Old,2382
840,1985.0,New,433
841,1984.0,New,433
842,1935.0,Old,2382
843,1979.0,New,433
844,1979.0,New,433
845,1917.0,Old,2382
846,1925.0,Old,2382
847,1939.0,Old,2382
848,1925.0,Old,2382
849,1923.0,Old,2382
850,1924.0,Old,2382
851,1925.0,Old,2382
852,1928.0,Old,2382
853,1920.0,Old,2382
854,1920.0,Old,2382
855,1917.0,Old,2382
856,1925.0,Old,2382
857,1936.0,Old,2382
858,1994.0,New,433
859,1923.0,Old,2382
860,1933.0,Old,2382
861,1927.0,Old,2382
862,1910.0,Old,2382
863,1999.0,New,433
864,1921.0,Old,2382
865,1923.0,Old,2382
866,1929.0,Old,2382
867,1929.0,Old,2382
868,1926.0,Old,2382
869,1926.0,Old,2382
870,1926.0,Old,2382
871,1922.0,Old,2382
872,1923.0,Old,2382
873,1937.0,Old,2382
874,1925.0,Old,2382
875,1911.0,Old,2382
876,1969.0,New,433
877,1926.0,Old,2382
878,1950.0,Old,2382
879,1926.0,Old,2382
880,1914.0,Old,2382
881,1928.0,Old,2382
882,1926.0,Old,2382
883,2014.0,Very New,175
884,1925.0,Old,2382
885,1939.0,Old,2382
886,1941.0,Old,2382
887,1980.0,New,433
888,1969.0,New,433
889,1918.0,Old,2382
890,1923.0,Old,2382
891,1923.0,Old,2382
892,1953.0,New,433
893,1925.0,Old,2382
894,1925.0,Old,2382
895,1894.0,Old,2382
896,1954.0,New,433
897,1922.0,Old,2382
898,1925.0,Old,2382
899,1990.0,New,433
900,1936.0,Old,2382
901,1925.0,Old,2382
902,1924.0,Old,2382
903,1927.0,Old,2382
904,1941.0,Old,2382
905,1952.0,New,433
906,1920.0,Old,2382
907,1916.0,Old,2382
908,1929.0,Old,2382
909,2002.0,Very New,175
910,1959.0,New,433
911,1924.0,Old,2382
912,1930.0,Old,2382
913,1946.0,Old,2382
914,1929.0,Old,2382
915,1938.0,Old,2382
916,1952.0,New,433
917,1916.0,Old,2382
918,1913.0,Old,2382
919,1919.0,Old,2382
920,1931.0,Old,2382
921,1933.0,Old,2382
922,1913.0,Old,2382
923,1928.0,Old,2382
924,1921.0,Old,2382
925,1925.0,Old,2382
926,1941.0,Old,2382
927,1915.0,Old,2382
928,1927.0,Old,2382
929,1922.0,Old,2382
930,1948.0,Old,2382
931,1939.0,Old,2382
932,1925.0,Old,2382
933,1922.0,Old,2382
934,1923.0,Old,2382
935,1926.0,Old,2382
936,1926.0,Old,2382
937,1928.0,Old,2382
938,1927.0,Old,2382
939,1939.0,Old,2382
940,1931.0,Old,2382
941,1941.0,Old,2382
942,1937.0,Old,2382
943,1923.0,Old,2382
944,1923.0,Old,2382
945,1929.0,Old,2382
946,1940.0,Old,2382
947,1955.0,New,433
948,1930.0,Old,2382
949,1931.0,Old,2382
950,1925.0,Old,2382
951,1927.0,Old,2382
952,1928.0,Old,2382
953,1924.0,Old,2382
954,1929.0,Old,2382
955,1929.0,Old,2382
956,1939.0,Old,2382
957,1928.0,Old,2382
958,1910.0,Old,2382
959,1989.0,New,433
960,1926.0,Old,2382
961,1921.0,Old,2382
962,1939.0,Old,2382
963,1924.0,Old,2382
964,1929.0,Old,2382
965,1957.0,New,433
966,1956.0,New,433
967,1939.0,Old,2382
968,1948.0,Old,2382
969,1933.0,Old,2382
970,1923.0,Old,2382
971,1932.0,Old,2382
972,1930.0,Old,2382
973,1930.0,Old,2382
974,1936.0,Old,2382
975,1906.0,Old,2382
976,1952.0,New,433
977,2013.0,Very New,175
978,1917.0,Old,2382
979,1924.0,Old,2382
980,1926.0,Old,2382
981,1931.0,Old,2382
982,1923.0,Old,2382
983,1927.0,Old,2382
984,1939.0,Old,2382
985,1941.0,Old,2382
986,1930.0,Old,2382
987,2013.0,Very New,175
988,1956.0,New,433
989,1929.0,Old,2382
990,1925.0,Old,2382
991,1915.0,Old,2382
992,1916.0,Old,2382
993,1920.0,Old,2382
994,1923.0,Old,2382
995,1929.0,Old,2382
996,1927.0,Old,2382
997,1940.0,Old,2382
998,1931.0,Old,2382
999,1931.0,Old,2382
1000,1950.0,Old,2382
1001,1926.0,Old,2382
1002,1920.0,Old,2382
1003,1925.0,Old,2382
1004,1924.0,Old,2382
1005,1925.0,Old,2382
1006,1928.0,Old,2382
1007,1912.0,Old,2382
1008,1900.0,Old,2382
1009,1906.0,Old,2382
1010,1929.0,Old,2382
1011,1924.0,Old,2382
1012,1939.0,Old,2382
1013,1925.0,Old,2382
1014,1925.0,Old,2382
1015,1953.0,New,433
1016,1986.0,New,433
1017,1935.0,Old,2382
1018,1953.0,New,433
1019,1927.0,Old,2382
1020,1979.0,New,433
1021,1928.0,Old,2382
1022,1926.0,Old,2382
1023,1951.0,New,433
1024,1928.0,Old,2382
1025,1921.0,Old,2382
1026,1940.0,Old,2382
1027,1973.0,New,433
1028,1951.0,New,433
1029,1929.0,Old,2382
1030,1939.0,Old,2382
1031,1934.0,Old,2382
1032,1927.0,Old,2382
1033,1925.0,Old,2382
1034,1926.0,Old,2382
1035,1924.0,Old,2382
1036,1928.0,Old,2382
1037,1919.0,Old,2382
1038,1933.0,Old,2382
1039,1910.0,Old,2382
1040,1925.0,Old,2382
1041,1924.0,Old,2382
1042,1941.0,Old,2382
1043,1925.0,Old,2382
1044,1929.0,Old,2382
1045,1927.0,Old,2382
1046,1932.0,Old,2382
1047,1934.0,Old,2382
1048,1927.0,Old,2382
1049,1938.0,Old,2382
1050,1924.0,Old,2382
1051,1935.0,Old,2382
1052,1910.0,Old,2382
1053,1927.0,Old,2382
1054,1911.0,Old,2382
1055,1948.0,Old,2382
1056,1975.0,New,433
1057,1924.0,Old,2382
1058,1931.0,Old,2382
1059,1963.0,New,433
1060,1919.0,Old,2382
1061,1919.0,Old,2382
1062,1921.0,Old,2382
1063,1925.0,Old,2382
1064,1913.0,Old,2382
1065,1911.0,Old,2382
1066,1979.0,New,433
1067,1938.0,Old,2382
1068,1909.0,Old,2382
1069,1931.0,Old,2382
1070,1936.0,Old,2382
1071,1936.0,Old,2382
1072,1936.0,Old,2382
1073,1913.0,Old,2382
1074,1927.0,Old,2382
1075,1957.0,New,433
1076,1937.0,Old,2382
1077,1955.0,New,433
1078,1957.0,New,433
1079,1991.0,New,433
1080,1922.0,Old,2382
1081,1909.0,Old,2382
1082,1936.0,Old,2382
1083,1940.0,Old,2382
1084,1935.0,Old,2382
1085,1934.0,Old,2382
1086,1921.0,Old,2382
1087,1977.0,New,433
1088,1910.0,Old,2382
1089,1914.0,Old,2382
1090,1948.0,Old,2382
1091,1948.0,Old,2382
1092,1954.0,New,433
1093,1900.0,Old,2382
1094,1978.0,New,433
1095,1923.0,Old,2382
1096,1941.0,Old,2382
1097,1951.0,New,433
1098,1908.0,Old,2382
1099,2007.0,Very New,175
1100,1953.0,New,433
1101,1909.0,Old,2382
1102,1937.0,Old,2382
1103,1937.0,Old,2382
1104,1948.0,Old,2382
1105,1954.0,New,433
1106,1932.0,Old,2382
1107,1950.0,Old,2382
1108,1950.0,Old,2382
1109,1914.0,Old,2382
1110,1914.0,Old,2382
1111,1948.0,Old,2382
1112,1927.0,Old,2382
1113,1942.0,Old,2382
1114,1955.0,New,433
1115,1951.0,New,433
1116,1900.0,Old,2382
1117,1900.0,Old,2382
1118,1918.0,Old,2382
1119,1913.0,Old,2382
1120,1913.0,Old,2382
1121,1943.0,Old,2382
1122,1950.0,Old,2382
1123,1950.0,Old,2382
1124,1933.0,Old,2382
1125,1933.0,Old,2382
1126,1911.0,Old,2382
1127,1918.0,Old,2382
1128,1915.0,Old,2382
1129,1990.0,New,433
1130,1912.0,Old,2382
1131,1938.0,Old,2382
1132,1932.0,Old,2382
1133,1910.0,Old,2382
1134,1911.0,Old,2382
1135,1951.0,New,433
1136,1952.0,New,433
1137,1942.0,Old,2382
1138,1911.0,Old,2382
1139,1912.0,Old,2382
1140,1909.0,Old,2382
1141,1943.0,Old,2382
1142,1905.0,Old,2382
1143,1952.0,New,433
1144,1913.0,Old,2382
1145,1920.0,Old,2382
1146,1922.0,Old,2382
1147,1925.0,Old,2382
1148,1948.0,Old,2382
1149,1910.0,Old,2382
1150,1927.0,Old,2382
1151,1923.0,Old,2382
1152,1923.0,Old,2382
1153,1915.0,Old,2382
1154,1929.0,Old,2382
1155,1910.0,Old,2382
1156,1900.0,Old,2382
1157,1924.0,Old,2382
1158,1927.0,Old,2382
1159,1916.0,Old,2382
1160,1909.0,Old,2382
1161,1922.0,Old,2382
1162,1900.0,Old,2382
1163,1910.0,Old,2382
1164,1916.0,Old,2382
1165,1907.0,Old,2382
1166,1929.0,Old,2382
1167,1922.0,Old,2382
1168,1900.0,Old,2382
1169,1914.0,Old,2382
1170,1922.0,Old,2382
1171,1938.0,Old,2382
1172,1922.0,Old,2382
1173,1915.0,Old,2382
1174,1929.0,Old,2382
1175,1951.0,New,433
1176,1909.0,Old,2382
1177,1910.0,Old,2382
1178,1937.0,Old,2382
1179,1937.0,Old,2382
1180,1957.0,New,433
1181,1959.0,New,433
1182,1912.0,Old,2382
1183,1912.0,Old,2382
1184,1900.0,Old,2382
1185,1915.0,Old,2382
1186,1917.0,Old,2382
1187,1913.0,Old,2382
1188,1958.0,New,433
1189,1912.0,Old,2382
1190,1979.0,New,433
1191,1915.0,Old,2382
1192,1927.0,Old,2382
1193,1914.0,Old,2382
1194,1956.0,New,433
1195,1914.0,Old,2382
1196,1950.0,Old,2382
1197,1924.0,Old,2382
1198,1925.0,Old,2382
1199,1989.0,New,433
1200,1927.0,Old,2382
1201,1924.0,Old,2382
1202,1937.0,Old,2382
1203,1937.0,Old,2382
1204,1939.0,Old,2382
1205,1936.0,Old,2382
1206,1950.0,Old,2382
1207,1935.0,Old,2382
1208,1923.0,Old,2382
1209,1923.0,Old,2382
1210,1941.0,Old,2382
1211,1938.0,Old,2382
1212,1927.0,Old,2382
1213,1936.0,Old,2382
1214,1920.0,Old,2382
1215,1950.0,Old,2382
1216,1952.0,New,433
1217,1953.0,New,433
1218,1941.0,Old,2382
1219,1918.0,Old,2382
1220,1918.0,Old,2382
1221,2015.0,Very New,175
1222,1910.0,Old,2382
1223,1923.0,Old,2382
1224,1923.0,Old,2382
1225,1905.0,Old,2382
1226,1925.0,Old,2382
1227,1913.0,Old,2382
1228,1913.0,Old,2382
1229,1937.0,Old,2382
1230,1911.0,Old,2382
1231,1928.0,Old,2382
1232,1892.0,Old,2382
1233,1941.0,Old,2382
1234,1924.0,Old,2382
1235,1922.0,Old,2382
1236,1953.0,New,433
1237,1927.0,Old,2382
1238,1942.0,Old,2382
1239,1920.0,Old,2382
1240,1950.0,Old,2382
1241,1941.0,Old,2382
1242,1941.0,Old,2382
1243,1934.0,Old,2382
1244,1934.0,Old,2382
1245,1920.0,Old,2382
1246,1908.0,Old,2382
1247,1928.0,Old,2382
1248,1940.0,Old,2382
1249,1940.0,Old,2382
1250,2011.0,Very New,175
1251,1937.0,Old,2382
1252,1999.0,New,433
1253,1951.0,New,433
1254,1923.0,Old,2382
1255,1920.0,Old,2382
1256,1921.0,Old,2382
1257,1940.0,Old,2382
1258,1949.0,Old,2382
1259,1920.0,Old,2382
1260,1924.0,Old,2382
1261,1940.0,Old,2382
1262,1932.0,Old,2382
1263,1911.0,Old,2382
1264,1910.0,Old,2382
1265,1909.0,Old,2382
1266,1908.0,Old,2382
1267,1955.0,New,433
1268,1958.0,New,433
1269,1927.0,Old,2382
1270,1928.0,Old,2382
1271,1908.0,Old,2382
1272,1908.0,Old,2382
1273,1918.0,Old,2382
1274,1918.0,Old,2382
1275,1923.0,Old,2382
1276,1922.0,Old,2382
1277,1907.0,Old,2382
1278,1905.0,Old,2382
1279,1921.0,Old,2382
1280,1920.0,Old,2382
1281,1920.0,Old,2382
1282,1910.0,Old,2382
1283,1907.0,Old,2382
1284,1948.0,Old,2382
1285,1927.0,Old,2382
1286,1948.0,Old,2382
1287,1911.0,Old,2382
1288,1954.0,New,433
1289,1964.0,New,433
1290,1911.0,Old,2382
1291,1931.0,Old,2382
1292,1930.0,Old,2382
1293,1910.0,Old,2382
1294,1926.0,Old,2382
1295,1935.0,Old,2382
1296,1927.0,Old,2382
1297,1932.0,Old,2382
1298,1931.0,Old,2382
1299,1933.0,Old,2382
1300,1913.0,Old,2382
1301,1940.0,Old,2382
1302,1922.0,Old,2382
1303,1950.0,Old,2382
1304,1960.0,New,433
1305,1919.0,Old,2382
1306,1919.0,Old,2382
1307,1933.0,Old,2382
1308,1925.0,Old,2382
1309,1922.0,Old,2382
1310,1933.0,Old,2382
1311,1934.0,Old,2382
1312,1926.0,Old,2382
1313,1926.0,Old,2382
1314,1935.0,Old,2382
1315,1931.0,Old,2382
1316,1909.0,Old,2382
1317,1921.0,Old,2382
1318,1915.0,Old,2382
1319,1931.0,Old,2382
1320,1909.0,Old,2382
1321,1916.0,Old,2382
1322,1932.0,Old,2382
1323,1924.0,Old,2382
1324,1921.0,Old,2382
1325,1924.0,Old,2382
1326,1910.0,Old,2382
1327,2015.0,Very New,175
1328,1934.0,Old,2382
1329,1935.0,Old,2382
1330,1906.0,Old,2382
1331,1910.0,Old,2382
1332,1927.0,Old,2382
1333,1913.0,Old,2382
1334,1920.0,Old,2382
1335,1920.0,Old,2382
1336,1909.0,Old,2382
1337,1911.0,Old,2382
1338,1913.0,Old,2382
1339,1913.0,Old,2382
1340,1928.0,Old,2382
1341,1908.0,Old,2382
1342,1911.0,Old,2382
1343,1923.0,Old,2382
1344,2010.0,Very New,175
1345,1910.0,Old,2382
1346,1906.0,Old,2382
1347,1913.0,Old,2382
1348,1912.0,Old,2382
1349,1912.0,Old,2382
1350,1912.0,Old,2382
1351,1910.0,Old,2382
1352,1913.0,Old,2382
1353,1915.0,Old,2382
1354,1912.0,Old,2382
1355,1913.0,Old,2382
1356,1913.0,Old,2382
1357,1910.0,Old,2382
1358,1921.0,Old,2382
1359,1916.0,Old,2382
1360,1916.0,Old,2382
1361,1923.0,Old,2382
1362,1925.0,Old,2382
1363,1910.0,Old,2382
1364,1909.0,Old,2382
1365,1907.0,Old,2382
1366,1923.0,Old,2382
1367,1904.0,Old,2382
1368,1935.0,Old,2382
1369,1910.0,Old,2382
1370,1912.0,Old,2382
1371,1906.0,Old,2382
1372,1917.0,Old,2382
1373,1924.0,Old,2382
1374,1912.0,Old,2382
1375,1912.0,Old,2382
1376,1977.0,New,433
1377,1922.0,Old,2382
1378,1921.0,Old,2382
1379,1926.0,Old,2382
1380,1909.0,Old,2382
1381,1900.0,Old,2382
1382,1924.0,Old,2382
1383,1909.0,Old,2382
1384,1921.0,Old,2382
1385,1920.0,Old,2382
1386,1919.0,Old,2382
1387,1911.0,Old,2382
1388,1894.0,Old,2382
1389,1902.0,Old,2382
1390,1910.0,Old,2382
1391,1931.0,Old,2382
1392,1914.0,Old,2382
1393,1924.0,Old,2382
1394,1908.0,Old,2382
1395,1908.0,Old,2382
1396,1909.0,Old,2382
1397,1911.0,Old,2382
1398,1912.0,Old,2382
1399,1927.0,Old,2382
1400,1919.0,Old,2382
1401,1919.0,Old,2382
1402,1923.0,Old,2382
1403,1922.0,Old,2382
1404,1912.0,Old,2382
1405,1912.0,Old,2382
1406,1934.0,Old,2382
1407,1930.0,Old,2382
1408,1979.0,New,433
1409,1920.0,Old,2382
1410,1920.0,Old,2382
1411,1925.0,Old,2382
1412,1993.0,New,433
1413,1926.0,Old,2382
1414,1918.0,Old,2382
1415,1975.0,New,433
1416,1975.0,New,433
1417,1920.0,Old,2382
1418,1911.0,Old,2382
1419,1900.0,Old,2382
1420,1910.0,Old,2382
1421,1957.0,New,433
1422,1925.0,Old,2382
1423,1928.0,Old,2382
1424,1926.0,Old,2382
1425,1900.0,Old,2382
1426,1922.0,Old,2382
1427,2019.0,Very New,175
1428,1960.0,New,433
1429,1924.0,Old,2382
1430,2015.0,Very New,175
1431,1910.0,Old,2382
1432,1924.0,Old,2382
1433,1923.0,Old,2382
1434,1930.0,Old,2382
1435,1922.0,Old,2382
1436,1923.0,Old,2382
1437,1912.0,Old,2382
1438,1920.0,Old,2382
1439,1929.0,Old,2382
1440,1929.0,Old,2382
1441,1927.0,Old,2382
1442,1923.0,Old,2382
1443,1906.0,Old,2382
1444,1912.0,Old,2382
1445,1923.0,Old,2382
1446,1935.0,Old,2382
1447,1910.0,Old,2382
1448,1927.0,Old,2382
1449,1922.0,Old,2382
1450,1926.0,Old,2382
1451,1915.0,Old,2382
1452,1923.0,Old,2382
1453,1923.0,Old,2382
1454,1923.0,Old,2382
1455,1927.0,Old,2382
1456,1933.0,Old,2382
1457,1913.0,Old,2382
1458,2012.0,Very New,175
1459,1908.0,Old,2382
1460,1908.0,Old,2382
1461,1910.0,Old,2382
1462,1915.0,Old,2382
1463,1914.0,Old,2382
1464,1890.0,Old,2382
1465,1915.0,Old,2382
1466,1914.0,Old,2382
1467,1911.0,Old,2382
1468,1915.0,Old,2382
1469,1937.0,Old,2382
1470,1907.0,Old,2382
1471,1930.0,Old,2382
1472,1906.0,Old,2382
1473,1906.0,Old,2382
1474,1907.0,Old,2382
1475,1923.0,Old,2382
1476,1907.0,Old,2382
1477,1910.0,Old,2382
1478,1923.0,Old,2382
1479,1923.0,Old,2382
1480,1923.0,Old,2382
1481,1910.0,Old,2382
1482,1923.0,Old,2382
1483,1905.0,Old,2382
1484,1922.0,Old,2382
1485,1923.0,Old,2382
1486,1911.0,Old,2382
1487,1908.0,Old,2382
1488,1920.0,Old,2382
1489,1948.0,Old,2382
1490,1948.0,Old,2382
1491,1948.0,Old,2382
1492,1948.0,Old,2382
1493,1895.0,Old,2382
1494,1912.0,Old,2382
1495,1912.0,Old,2382
1496,1929.0,Old,2382
1497,1929.0,Old,2382
1498,1908.0,Old,2382
1499,1925.0,Old,2382
1500,1905.0,Old,2382
1501,2001.0,Very New,175
1502,1906.0,Old,2382
1503,1907.0,Old,2382
1504,1923.0,Old,2382
1505,1917.0,Old,2382
1506,1908.0,Old,2382
1507,1910.0,Old,2382
1508,1910.0,Old,2382
1509,1911.0,Old,2382
1510,1907.0,Old,2382
1511,1909.0,Old,2382
1512,1895.0,Old,2382
1513,1910.0,Old,2382
1514,1905.0,Old,2382
1515,1914.0,Old,2382
1516,2001.0,Very New,175
1517,1900.0,Old,2382
1518,1907.0,Old,2382
1519,1912.0,Old,2382
1520,1908.0,Old,2382
1521,1908.0,Old,2382
1522,1916.0,Old,2382
1523,1907.0,Old,2382
1524,1907.0,Old,2382
1525,1907.0,Old,2382
1526,1907.0,Old,2382
1527,1908.0,Old,2382
1528,1913.0,Old,2382
1529,1920.0,Old,2382
1530,1914.0,Old,2382
1531,1911.0,Old,2382
1532,1900.0,Old,2382
1533,1925.0,Old,2382
1534,1916.0,Old,2382
1535,1912.0,Old,2382
1536,1910.0,Old,2382
1537,1911.0,Old,2382
1538,1895.0,Old,2382
1539,1895.0,Old,2382
1540,1895.0,Old,2382
1541,1907.0,Old,2382
1542,1908.0,Old,2382
1543,1912.0,Old,2382
1544,1923.0,Old,2382
1545,1923.0,Old,2382
1546,1895.0,Old,2382
1547,1925.0,Old,2382
1548,1925.0,Old,2382
1549,1925.0,Old,2382
1550,1925.0,Old,2382
1551,1912.0,Old,2382
1552,1929.0,Old,2382
1553,1911.0,Old,2382
1554,1929.0,Old,2382
1555,1906.0,Old,2382
1556,1934.0,Old,2382
1557,1923.0,Old,2382
1558,1960.0,New,433
1559,1932.0,Old,2382
1560,1927.0,Old,2382
1561,1928.0,Old,2382
1562,1931.0,Old,2382
1563,1923.0,Old,2382
1564,1915.0,Old,2382
1565,1900.0,Old,2382
1566,1928.0,Old,2382
1567,1928.0,Old,2382
1568,1923.0,Old,2382
1569,1929.0,Old,2382
1570,1929.0,Old,2382
1571,1936.0,Old,2382
1572,1926.0,Old,2382
1573,1961.0,New,433
1574,1961.0,New,433
1575,1925.0,Old,2382
1576,1950.0,Old,2382
1577,1923.0,Old,2382
1578,1935.0,Old,2382
1579,1927.0,Old,2382
1580,1925.0,Old,2382
1581,1925.0,Old,2382
1582,1928.0,Old,2382
1583,1927.0,Old,2382
1584,1925.0,Old,2382
1585,1938.0,Old,2382
1586,1927.0,Old,2382
1587,1917.0,Old,2382
1588,0.0,Very Old,10
1589,1925.0,Old,2382
1590,1927.0,Old,2382
1591,1925.0,Old,2382
1592,1925.0,Old,2382
1593,1922.0,Old,2382
1594,1926.0,Old,2382
1595,1925.0,Old,2382
1596,1927.0,Old,2382
1597,1931.0,Old,2382
1598,1935.0,Old,2382
1599,1931.0,Old,2382
1600,1913.0,Old,2382
1601,1927.0,Old,2382
1602,1913.0,Old,2382
1603,1927.0,Old,2382
1604,1927.0,Old,2382
1605,1916.0,Old,2382
1606,1925.0,Old,2382
1607,1914.0,Old,2382
1608,1920.0,Old,2382
1609,1926.0,Old,2382
1610,1927.0,Old,2382
1611,1917.0,Old,2382
1612,1932.0,Old,2382
1613,1931.0,Old,2382
1614,1929.0,Old,2382
1615,1929.0,Old,2382
1616,1929.0,Old,2382
1617,1935.0,Old,2382
1618,1920.0,Old,2382
1619,1929.0,Old,2382
1620,1929.0,Old,2382
1621,1926.0,Old,2382
1622,1926.0,Old,2382
1623,1910.0,Old,2382
1624,1937.0,Old,2382
1625,1895.0,Old,2382
1626,1914.0,Old,2382
1627,1923.0,Old,2382
1628,1927.0,Old,2382
1629,1895.0,Old,2382
1630,1895.0,Old,2382
1631,1935.0,Old,2382
1632,1928.0,Old,2382
1633,1925.0,Old,2382
1634,1930.0,Old,2382
1635,1925.0,Old,2382
1636,1926.0,Old,2382
1637,1925.0,Old,2382
1638,1920.0,Old,2382
1639,1924.0,Old,2382
1640,1929.0,Old,2382
1641,1906.0,Old,2382
1642,1907.0,Old,2382
1643,1910.0,Old,2382
1644,1910.0,Old,2382
1645,1906.0,Old,2382
1646,1906.0,Old,2382
1647,1906.0,Old,2382
1648,1895.0,Old,2382
1649,1895.0,Old,2382
1650,1895.0,Old,2382
1651,1913.0,Old,2382
1652,1907.0,Old,2382
1653,1907.0,Old,2382
1654,1923.0,Old,2382
1655,1926.0,Old,2382
1656,1925.0,Old,2382
1657,1920.0,Old,2382
1658,1895.0,Old,2382
1659,1909.0,Old,2382
1660,1907.0,Old,2382
1661,1900.0,Old,2382
1662,1923.0,Old,2382
1663,1906.0,Old,2382
1664,1906.0,Old,2382
1665,1906.0,Old,2382
1666,1909.0,Old,2382
1667,1907.0,Old,2382
1668,1910.0,Old,2382
1669,1895.0,Old,2382
1670,1895.0,Old,2382
1671,1895.0,Old,2382
1672,1908.0,Old,2382
1673,1909.0,Old,2382
1674,1926.0,Old,2382
1675,1909.0,Old,2382
1676,1910.0,Old,2382
1677,1926.0,Old,2382
1678,1909.0,Old,2382
1679,1909.0,Old,2382
1680,1925.0,Old,2382
1681,1925.0,Old,2382
1682,1925.0,Old,2382
1683,1895.0,Old,2382
1684,1905.0,Old,2382
1685,1909.0,Old,2382
1686,1923.0,Old,2382
1687,1906.0,Old,2382
1688,1909.0,Old,2382
1689,1909.0,Old,2382
1690,1925.0,Old,2382
1691,1906.0,Old,2382
1692,1909.0,Old,2382
1693,1895.0,Old,2382
1694,1912.0,Old,2382
1695,1911.0,Old,2382
1696,1911.0,Old,2382
1697,1909.0,Old,2382
1698,1935.0,Old,2382
1699,0.0,Very Old,10
1700,1910.0,Old,2382
1701,1928.0,Old,2382
1702,1917.0,Old,2382
1703,1925.0,Old,2382
1704,1922.0,Old,2382
1705,1911.0,Old,2382
1706,1925.0,Old,2382
1707,1927.0,Old,2382
1708,1926.0,Old,2382
1709,1915.0,Old,2382
1710,1915.0,Old,2382
1711,1950.0,Old,2382
1712,1941.0,Old,2382
1713,1923.0,Old,2382
1714,1916.0,Old,2382
1715,1925.0,Old,2382
1716,1925.0,Old,2382
1717,1934.0,Old,2382
1718,1939.0,Old,2382
1719,1937.0,Old,2382
1720,1936.0,Old,2382
1721,1933.0,Old,2382
1722,1931.0,Old,2382
1723,1936.0,Old,2382
1724,1936.0,Old,2382
1725,1952.0,New,433
1726,1937.0,Old,2382
1727,1949.0,Old,2382
1728,1932.0,Old,2382
1729,1933.0,Old,2382
1730,1949.0,Old,2382
1731,1937.0,Old,2382
1732,1931.0,Old,2382
1733,1931.0,Old,2382
1734,1925.0,Old,2382
1735,1925.0,Old,2382
1736,1925.0,Old,2382
1737,1935.0,Old,2382
1738,1948.0,Old,2382
1739,1948.0,Old,2382
1740,1927.0,Old,2382
1741,1922.0,Old,2382
1742,1917.0,Old,2382
1743,1925.0,Old,2382
1744,1923.0,Old,2382
1745,1933.0,Old,2382
1746,1912.0,Old,2382
1747,1913.0,Old,2382
1748,1952.0,New,433
1749,1932.0,Old,2382
1750,1916.0,Old,2382
1751,1921.0,Old,2382
1752,1947.0,Old,2382
1753,1932.0,Old,2382
1754,1916.0,Old,2382
1755,1916.0,Old,2382
1756,1916.0,Old,2382
1757,1916.0,Old,2382
1758,1936.0,Old,2382
1759,1934.0,Old,2382
1760,1922.0,Old,2382
1761,1936.0,Old,2382
1762,1925.0,Old,2382
1763,1913.0,Old,2382
1764,1917.0,Old,2382
1765,1932.0,Old,2382
1766,1936.0,Old,2382
1767,1931.0,Old,2382
1768,1913.0,Old,2382
1769,1937.0,Old,2382
1770,1937.0,Old,2382
1771,1932.0,Old,2382
1772,1932.0,Old,2382
1773,1923.0,Old,2382
1774,1923.0,Old,2382
1775,1925.0,Old,2382
1776,1932.0,Old,2382
1777,1909.0,Old,2382
1778,1909.0,Old,2382
1779,1922.0,Old,2382
1780,1941.0,Old,2382
1781,1938.0,Old,2382
1782,1921.0,Old,2382
1783,1941.0,Old,2382
1784,1941.0,Old,2382
1785,1920.0,Old,2382
1786,1936.0,Old,2382
1787,1952.0,New,433
1788,1953.0,New,433
1789,1925.0,Old,2382
1790,1925.0,Old,2382
1791,1928.0,Old,2382
1792,2015.0,Very New,175
1793,1938.0,Old,2382
1794,1938.0,Old,2382
1795,1910.0,Old,2382
1796,1925.0,Old,2382
1797,1912.0,Old,2382
1798,1927.0,Old,2382
1799,1937.0,Old,2382
1800,1905.0,Old,2382
1801,0.0,Very Old,10
1802,1939.0,Old,2382
1803,1950.0,Old,2382
1804,1906.0,Old,2382
1805,1936.0,Old,2382
1806,1927.0,Old,2382
1807,1937.0,Old,2382
1808,1940.0,Old,2382
1809,0.0,Very Old,10
1810,1904.0,Old,2382
1811,1923.0,Old,2382
1812,1923.0,Old,2382
1813,1938.0,Old,2382
1814,1912.0,Old,2382
1815,1912.0,Old,2382
1816,1902.0,Old,2382
1817,1907.0,Old,2382
1818,1938.0,Old,2382
1819,1902.0,Old,2382
1820,1975.0,New,433
1821,1948.0,Old,2382
1822,1925.0,Old,2382
1823,1908.0,Old,2382
1824,1900.0,Old,2382
1825,1900.0,Old,2382
1826,1927.0,Old,2382
1827,1907.0,Old,2382
1828,1916.0,Old,2382
1829,1917.0,Old,2382
1830,1943.0,Old,2382
1831,1925.0,Old,2382
1832,1928.0,Old,2382
1833,1937.0,Old,2382
1834,1905.0,Old,2382
1835,1917.0,Old,2382
1836,1917.0,Old,2382
1837,1936.0,Old,2382
1838,1900.0,Old,2382
1839,1927.0,Old,2382
1840,1905.0,Old,2382
1841,1923.0,Old,2382
1842,1920.0,Old,2382
1843,1920.0,Old,2382
1844,1949.0,Old,2382
1845,1925.0,Old,2382
1846,1923.0,Old,2382
1847,1923.0,Old,2382
1848,1954.0,New,433
1849,1955.0,New,433
1850,1953.0,New,433
1851,1942.0,Old,2382
1852,1942.0,Old,2382
1853,1950.0,Old,2382
1854,1915.0,Old,2382
1855,1955.0,New,433
1856,1958.0,New,433
1857,1927.0,Old,2382
1858,1927.0,Old,2382
1859,2013.0,Very New,175
1860,2011.0,Very New,175
1861,1950.0,Old,2382
1862,1948.0,Old,2382
1863,1905.0,Old,2382
1864,1900.0,Old,2382
1865,1937.0,Old,2382
1866,1935.0,Old,2382
1867,1956.0,New,433
1868,2013.0,Very New,175
1869,1952.0,New,433
1870,1922.0,Old,2382
1871,2011.0,Very New,175
1872,1941.0,Old,2382
1873,1941.0,Old,2382
1874,1941.0,Old,2382
1875,1951.0,New,433
1876,1954.0,New,433
1877,1954.0,New,433
1878,1956.0,New,433
1879,1949.0,Old,2382
1880,1952.0,New,433
1881,1954.0,New,433
1882,1952.0,New,433
1883,1927.0,Old,2382
1884,1952.0,New,433
1885,1950.0,Old,2382
1886,1950.0,Old,2382
1887,1940.0,Old,2382
1888,1940.0,Old,2382
1889,1952.0,New,433
1890,1951.0,New,433
1891,1951.0,New,433
1892,1940.0,Old,2382
1893,1947.0,Old,2382
1894,1947.0,Old,2382
1895,1917.0,Old,2382
1896,1954.0,New,433
1897,1954.0,New,433
1898,1951.0,New,433
1899,1912.0,Old,2382
1900,1923.0,Old,2382
1901,1955.0,New,433
1902,1939.0,Old,2382
1903,1941.0,Old,2382
1904,1942.0,Old,2382
1905,1943.0,Old,2382
1906,2011.0,Very New,175
1907,2011.0,Very New,175
1908,1925.0,Old,2382
1909,1949.0,Old,2382
1910,1984.0,New,433
1911,1953.0,New,433
1912,1955.0,New,433
1913,1983.0,New,433
1914,1951.0,New,433
1915,1955.0,New,433
1916,1950.0,Old,2382
1917,1950.0,Old,2382
1918,1926.0,Old,2382
1919,1948.0,Old,2382
1920,1946.0,Old,2382
1921,1900.0,Old,2382
1922,1931.0,Old,2382
1923,1953.0,New,433
1924,1955.0,New,433
1925,1955.0,New,433
1926,1952.0,New,433
1927,1952.0,New,433
1928,1941.0,Old,2382
1929,1926.0,Old,2382
1930,1926.0,Old,2382
1931,1955.0,New,433
1932,1950.0,Old,2382
1933,1950.0,Old,2382
1934,1947.0,Old,2382
1935,1952.0,New,433
1936,1948.0,Old,2382
1937,1944.0,Old,2382
1938,1948.0,Old,2382
1939,1948.0,Old,2382
1940,1931.0,Old,2382
1941,1954.0,New,433
1942,1951.0,New,433
1943,1955.0,New,433
1944,1931.0,Old,2382
1945,1983.0,New,433
1946,1949.0,Old,2382
1947,1949.0,Old,2382
1948,1925.0,Old,2382
1949,1925.0,Old,2382
1950,1950.0,Old,2382
1951,1956.0,New,433
1952,1951.0,New,433
1953,1952.0,New,433
1954,1939.0,Old,2382
1955,1955.0,New,433
1956,1953.0,New,433
1957,1910.0,Old,2382
1958,1938.0,Old,2382
1959,1917.0,Old,2382
1960,2006.0,Very New,175
1961,2006.0,Very New,175
1962,2010.0,Very New,175
1963,1937.0,Old,2382
1964,1937.0,Old,2382
1965,1937.0,Old,2382
1966,1910.0,Old,2382
1967,1978.0,New,433
1968,2013.0,Very New,175
1969,1923.0,Old,2382
1970,1912.0,Old,2382
1971,1918.0,Old,2382
1972,1900.0,Old,2382
1973,1952.0,New,433
1974,1952.0,New,433
1975,1952.0,New,433
1976,1905.0,Old,2382
1977,1923.0,Old,2382
1978,1939.0,Old,2382
1979,1948.0,Old,2382
1980,1910.0,Old,2382
1981,1931.0,Old,2382
1982,1939.0,Old,2382
1983,1939.0,Old,2382
1984,1951.0,New,433
1985,1979.0,New,433
1986,1900.0,Old,2382
1987,1949.0,Old,2382
1988,1910.0,Old,2382
1989,1980.0,New,433
1990,1926.0,Old,2382
1991,1923.0,Old,2382
1992,1951.0,New,433
1993,1951.0,New,433
1994,1951.0,New,433
1995,1953.0,New,433
1996,1974.0,New,433
1997,2008.0,Very New,175
1998,2008.0,Very New,175
1999,1947.0,Old,2382
2000,1918.0,Old,2382
2001,1979.0,New,433
2002,1925.0,Old,2382
2003,1925.0,Old,2382
2004,1953.0,New,433
2005,1912.0,Old,2382
2006,1948.0,Old,2382
2007,1948.0,Old,2382
2008,1926.0,Old,2382
2009,1978.0,New,433
2010,1951.0,New,433
2011,1948.0,Old,2382
2012,1984.0,New,433
2013,1927.0,Old,2382
2014,2017.0,Very New,175
2015,1952.0,New,433
2016,1952.0,New,433
2017,1952.0,New,433
2018,1961.0,New,433
2019,1956.0,New,433
2020,1951.0,New,433
2021,1951.0,New,433
2022,1951.0,New,433
2023,1925.0,Old,2382
2024,1942.0,Old,2382
2025,1949.0,Old,2382
2026,1948.0,Old,2382
2027,1927.0,Old,2382
2028,1928.0,Old,2382
2029,1950.0,Old,2382
2030,1900.0,Old,2382
2031,1939.0,Old,2382
2032,1913.0,Old,2382
2033,1925.0,Old,2382
2034,1905.0,Old,2382
2035,1925.0,Old,2382
2036,1916.0,Old,2382
2037,1936.0,Old,2382
2038,1929.0,Old,2382
2039,1935.0,Old,2382
2040,1940.0,Old,2382
2041,1939.0,Old,2382
2042,1927.0,Old,2382
2043,1947.0,Old,2382
2044,1926.0,Old,2382
2045,1936.0,Old,2382
2046,1942.0,Old,2382
2047,1907.0,Old,2382
2048,1917.0,Old,2382
2049,2008.0,Very New,175
2050,1926.0,Old,2382
2051,1918.0,Old,2382
2052,1924.0,Old,2382
2053,1940.0,Old,2382
2054,1931.0,Old,2382
2055,1910.0,Old,2382
2056,1925.0,Old,2382
2057,1935.0,Old,2382
2058,1920.0,Old,2382
2059,1927.0,Old,2382
2060,1929.0,Old,2382
2061,2016.0,Very New,175
2062,1924.0,Old,2382
2063,1925.0,Old,2382
2064,1943.0,Old,2382
2065,1930.0,Old,2382
2066,1940.0,Old,2382
2067,1956.0,New,433
2068,1941.0,Old,2382
2069,1927.0,Old,2382
2070,1930.0,Old,2382
2071,1932.0,Old,2382
2072,1942.0,Old,2382
2073,1951.0,New,433
2074,1936.0,Old,2382
2075,1935.0,Old,2382
2076,1926.0,Old,2382
2077,1940.0,Old,2382
2078,1940.0,Old,2382
2079,1942.0,Old,2382
2080,1905.0,Old,2382
2081,1938.0,Old,2382
2082,1937.0,Old,2382
2083,1936.0,Old,2382
2084,1937.0,Old,2382
2085,1926.0,Old,2382
2086,1901.0,Old,2382
2087,1917.0,Old,2382
2088,1918.0,Old,2382
2089,1936.0,Old,2382
2090,1937.0,Old,2382
2091,1900.0,Old,2382
2092,1900.0,Old,2382
2093,1910.0,Old,2382
2094,1935.0,Old,2382
2095,1930.0,Old,2382
2096,1941.0,Old,2382
2097,1941.0,Old,2382
2098,1941.0,Old,2382
2099,1935.0,Old,2382
2100,1925.0,Old,2382
2101,1955.0,New,433
2102,1916.0,Old,2382
2103,1950.0,Old,2382
2104,1900.0,Old,2382
2105,1946.0,Old,2382
2106,1956.0,New,433
2107,2001.0,Very New,175
2108,1913.0,Old,2382
2109,1937.0,Old,2382
2110,1997.0,New,433
2111,1997.0,New,433
2112,2000.0,New,433
2113,1930.0,Old,2382
2114,1938.0,Old,2382
2115,1920.0,Old,2382
2116,1934.0,Old,2382
2117,1927.0,Old,2382
2118,1939.0,Old,2382
2119,1951.0,New,433
2120,1926.0,Old,2382
2121,1926.0,Old,2382
2122,1942.0,Old,2382
2123,1941.0,Old,2382
2124,1940.0,Old,2382
2125,1928.0,Old,2382
2126,1954.0,New,433
2127,1929.0,Old,2382
2128,1939.0,Old,2382
2129,1937.0,Old,2382
2130,1941.0,Old,2382
2131,1942.0,Old,2382
2132,1926.0,Old,2382
2133,1923.0,Old,2382
2134,1917.0,Old,2382
2135,1959.0,New,433
2136,1956.0,New,433
2137,1936.0,Old,2382
2138,1941.0,Old,2382
2139,1944.0,Old,2382
2140,1940.0,Old,2382
2141,1941.0,Old,2382
2142,1951.0,New,433
2143,1937.0,Old,2382
2144,1940.0,Old,2382
2145,1923.0,Old,2382
2146,1923.0,Old,2382
2147,1924.0,Old,2382
2148,1932.0,Old,2382
2149,1938.0,Old,2382
2150,1951.0,New,433
2151,1931.0,Old,2382
2152,1931.0,Old,2382
2153,1940.0,Old,2382
2154,1936.0,Old,2382
2155,1925.0,Old,2382
2156,1941.0,Old,2382
2157,1925.0,Old,2382
2158,1954.0,New,433
2159,1912.0,Old,2382
2160,1910.0,Old,2382
2161,1977.0,New,433
2162,1927.0,Old,2382
2163,1924.0,Old,2382
2164,1941.0,Old,2382
2165,1939.0,Old,2382
2166,1939.0,Old,2382
2167,1928.0,Old,2382
2168,1920.0,Old,2382
2169,1951.0,New,433
2170,1912.0,Old,2382
2171,1925.0,Old,2382
2172,1926.0,Old,2382
2173,1935.0,Old,2382
2174,2007.0,Very New,175
2175,1948.0,Old,2382
2176,1946.0,Old,2382
2177,1946.0,Old,2382
2178,1923.0,Old,2382
2179,1926.0,Old,2382
2180,1925.0,Old,2382
2181,2009.0,Very New,175
2182,2009.0,Very New,175
2183,1941.0,Old,2382
2184,1949.0,Old,2382
2185,1949.0,Old,2382
2186,1948.0,Old,2382
2187,1951.0,New,433
2188,1948.0,Old,2382
2189,1914.0,Old,2382
2190,1935.0,Old,2382
2191,1925.0,Old,2382
2192,1925.0,Old,2382
2193,1909.0,Old,2382
2194,1923.0,Old,2382
2195,1931.0,Old,2382
2196,1923.0,Old,2382
2197,1925.0,Old,2382
2198,1929.0,Old,2382
2199,1930.0,Old,2382
2200,1908.0,Old,2382
2201,1925.0,Old,2382
2202,1927.0,Old,2382
2203,1925.0,Old,2382
2204,1930.0,Old,2382
2205,1956.0,New,433
2206,1925.0,Old,2382
2207,2013.0,Very New,175
2208,2014.0,Very New,175
2209,1923.0,Old,2382
2210,2014.0,Very New,175
2211,1934.0,Old,2382
2212,1926.0,Old,2382
2213,2014.0,Very New,175
2214,1962.0,New,433
2215,1923.0,Old,2382
2216,1919.0,Old,2382
2217,1929.0,Old,2382
2218,1950.0,Old,2382
2219,1950.0,Old,2382
2220,1934.0,Old,2382
2221,2018.0,Very New,175
2222,1926.0,Old,2382
2223,1931.0,Old,2382
2224,1905.0,Old,2382
2225,1921.0,Old,2382
2226,1910.0,Old,2382
2227,2014.0,Very New,175
2228,2014.0,Very New,175
2229,1926.0,Old,2382
2230,1940.0,Old,2382
2231,1915.0,Old,2382
2232,2007.0,Very New,175
2233,1932.0,Old,2382
2234,2007.0,Very New,175
2235,2017.0,Very New,175
2236,2017.0,Very New,175
2237,,Very New,175
2238,1926.0,Old,2382
2239,2018.0,Very New,175
2240,1937.0,Old,2382
2241,1924.0,Old,2382
2242,2015.0,Very New,175
2243,2015.0,Very New,175
2244,2015.0,Very New,175
2245,2015.0,Very New,175
2246,1940.0,Old,2382
2247,1941.0,Old,2382
2248,1937.0,Old,2382
2249,1937.0,Old,2382
2250,1941.0,Old,2382
2251,1944.0,Old,2382
2252,2005.0,Very New,175
2253,1928.0,Old,2382
2254,1937.0,Old,2382
2255,1930.0,Old,2382
2256,1925.0,Old,2382
2257,1925.0,Old,2382
2258,1927.0,Old,2382
2259,1927.0,Old,2382
2260,1926.0,Old,2382
2261,1936.0,Old,2382
2262,1956.0,New,433
2263,1925.0,Old,2382
2264,1927.0,Old,2382
2265,1926.0,Old,2382
2266,2015.0,Very New,175
2267,1927.0,Old,2382
2268,1937.0,Old,2382
2269,1930.0,Old,2382
2270,1908.0,Old,2382
2271,1940.0,Old,2382
2272,1940.0,Old,2382
2273,1925.0,Old,2382
2274,1931.0,Old,2382
2275,1923.0,Old,2382
2276,1941.0,Old,2382
2277,2016.0,Very New,175
2278,1941.0,Old,2382
2279,1942.0,Old,2382
2280,1938.0,Old,2382
2281,1946.0,Old,2382
2282,1931.0,Old,2382
2283,1942.0,Old,2382
2284,1942.0,Old,2382
2285,1942.0,Old,2382
2286,1939.0,Old,2382
2287,1929.0,Old,2382
2288,1927.0,Old,2382
2289,1929.0,Old,2382
2290,1938.0,Old,2382
2291,1937.0,Old,2382
2292,1937.0,Old,2382
2293,1929.0,Old,2382
2294,1932.0,Old,2382
2295,1926.0,Old,2382
2296,1917.0,Old,2382
2297,1938.0,Old,2382
2298,1938.0,Old,2382
2299,1938.0,Old,2382
2300,1927.0,Old,2382
2301,1927.0,Old,2382
2302,1941.0,Old,2382
2303,2012.0,Very New,175
2304,1938.0,Old,2382
2305,1933.0,Old,2382
2306,1929.0,Old,2382
2307,1951.0,New,433
2308,1927.0,Old,2382
2309,1927.0,Old,2382
2310,1941.0,Old,2382
2311,1942.0,Old,2382
2312,1942.0,Old,2382
2313,1942.0,Old,2382
2314,1942.0,Old,2382
2315,1929.0,Old,2382
2316,1931.0,Old,2382
2317,1939.0,Old,2382
2318,1939.0,Old,2382
2319,1923.0,Old,2382
2320,1931.0,Old,2382
2321,2014.0,Very New,175
2322,1917.0,Old,2382
2323,1941.0,Old,2382
2324,1947.0,Old,2382
2325,1947.0,Old,2382
2326,1938.0,Old,2382
2327,1941.0,Old,2382
2328,1940.0,Old,2382
2329,1940.0,Old,2382
2330,1937.0,Old,2382
2331,1939.0,Old,2382
2332,1932.0,Old,2382
2333,1942.0,Old,2382
2334,1923.0,Old,2382
2335,1921.0,Old,2382
2336,1938.0,Old,2382
2337,1938.0,Old,2382
2338,1938.0,Old,2382
2339,1938.0,Old,2382
2340,1922.0,Old,2382
2341,1925.0,Old,2382
2342,1927.0,Old,2382
2343,1939.0,Old,2382
2344,1938.0,Old,2382
2345,1940.0,Old,2382
2346,1933.0,Old,2382
2347,1928.0,Old,2382
2348,1942.0,Old,2382
2349,1940.0,Old,2382
2350,1950.0,Old,2382
2351,1939.0,Old,2382
2352,2016.0,Very New,175
2353,1930.0,Old,2382
2354,1936.0,Old,2382
2355,1939.0,Old,2382
2356,1931.0,Old,2382
2357,1942.0,Old,2382
2358,1942.0,Old,2382
2359,1940.0,Old,2382
2360,1939.0,Old,2382
2361,1928.0,Old,2382
2362,1928.0,Old,2382
2363,1943.0,Old,2382
2364,2016.0,Very New,175
2365,1939.0,Old,2382
2366,1956.0,New,433
2367,1988.0,New,433
2368,1968.0,New,433
2369,1945.0,Old,2382
2370,1922.0,Old,2382
2371,1925.0,Old,2382
2372,1946.0,Old,2382
2373,1941.0,Old,2382
2374,2014.0,Very New,175
2375,1941.0,Old,2382
2376,1925.0,Old,2382
2377,1922.0,Old,2382
2378,1922.0,Old,2382
2379,1942.0,Old,2382
2380,1941.0,Old,2382
2381,1939.0,Old,2382
2382,1914.0,Old,2382
2383,1948.0,Old,2382
2384,1945.0,Old,2382
2385,1996.0,New,433
2386,2017.0,Very New,175
2387,2008.0,Very New,175
2388,1941.0,Old,2382
2389,1940.0,Old,2382
2390,1925.0,Old,2382
2391,1946.0,Old,2382
2392,1967.0,New,433
2393,1955.0,New,433
2394,1931.0,Old,2382
2395,1926.0,Old,2382
2396,1944.0,Old,2382
2397,1966.0,New,433
2398,1944.0,Old,2382
2399,1925.0,Old,2382
2400,1944.0,Old,2382
2401,2006.0,Very New,175
2402,1953.0,New,433
2403,2016.0,Very New,175
2404,1909.0,Old,2382
2405,1953.0,New,433
2406,1925.0,Old,2382
2407,1964.0,New,433
2408,1939.0,Old,2382
2409,1950.0,Old,2382
2410,1924.0,Old,2382
2411,1941.0,Old,2382
2412,1923.0,Old,2382
2413,1956.0,New,433
2414,1953.0,New,433
2415,1947.0,Old,2382
2416,2008.0,Very New,175
2417,1941.0,Old,2382
2418,1979.0,New,433
2419,0.0,Very Old,10
2420,1947.0,Old,2382
2421,1928.0,Old,2382
2422,1957.0,New,433
2423,1954.0,New,433
2424,1947.0,Old,2382
2425,1973.0,New,433
2426,1929.0,Old,2382
2427,1909.0,Old,2382
2428,1950.0,Old,2382
2429,1941.0,Old,2382
2430,1974.0,New,433
2431,1948.0,Old,2382
2432,1941.0,Old,2382
2433,1944.0,Old,2382
2434,1944.0,Old,2382
2435,1913.0,Old,2382
2436,1996.0,New,433
2437,1977.0,New,433
2438,1986.0,New,433
2439,1947.0,Old,2382
2440,1940.0,Old,2382
2441,1940.0,Old,2382
2442,1940.0,Old,2382
2443,1955.0,New,433
2444,1992.0,New,433
2445,1937.0,Old,2382
2446,1945.0,Old,2382
2447,1973.0,New,433
2448,1911.0,Old,2382
2449,2014.0,Very New,175
2450,1942.0,Old,2382
2451,1944.0,Old,2382
2452,1944.0,Old,2382
2453,1925.0,Old,2382
2454,2009.0,Very New,175
2455,1920.0,Old,2382
2456,1964.0,New,433
2457,1909.0,Old,2382
2458,1927.0,Old,2382
2459,1955.0,New,433
2460,1938.0,Old,2382
2461,1942.0,Old,2382
2462,1908.0,Old,2382
2463,1910.0,Old,2382
2464,1907.0,Old,2382
2465,2012.0,Very New,175
2466,1965.0,New,433
2467,1924.0,Old,2382
2468,1947.0,Old,2382
2469,1947.0,Old,2382
2470,1906.0,Old,2382
2471,1941.0,Old,2382
2472,1974.0,New,433
2473,1945.0,Old,2382
2474,1928.0,Old,2382
2475,1924.0,Old,2382
2476,1926.0,Old,2382
2477,1939.0,Old,2382
2478,1945.0,Old,2382
2479,1945.0,Old,2382
2480,1945.0,Old,2382
2481,1954.0,New,433
2482,1954.0,New,433
2483,2016.0,Very New,175
2484,1971.0,New,433
2485,1951.0,New,433
2486,1961.0,New,433
2487,1947.0,Old,2382
2488,2007.0,Very New,175
2489,1953.0,New,433
2490,1943.0,Old,2382
2491,1925.0,Old,2382
2492,1947.0,Old,2382
2493,1953.0,New,433
2494,1970.0,New,433
2495,2009.0,Very New,175
2496,1972.0,New,433
2497,1947.0,Old,2382
2498,1951.0,New,433
2499,1961.0,New,433
2500,1940.0,Old,2382
2501,1945.0,Old,2382
2502,2007.0,Very New,175
2503,2007.0,Very New,175
2504,1947.0,Old,2382
2505,1947.0,Old,2382
2506,1964.0,New,433
2507,2010.0,Very New,175
2508,1923.0,Old,2382
2509,1932.0,Old,2382
2510,1918.0,Old,2382
2511,1979.0,New,433
2512,1928.0,Old,2382
2513,1978.0,New,433
2514,0.0,Very Old,10
2515,1941.0,Old,2382
2516,1953.0,New,433
2517,1911.0,Old,2382
2518,1950.0,Old,2382
2519,1941.0,Old,2382
2520,1945.0,Old,2382
2521,1955.0,New,433
2522,1977.0,New,433
2523,2016.0,Very New,175
2524,1935.0,Old,2382
2525,1939.0,Old,2382
2526,1938.0,Old,2382
2527,1925.0,Old,2382
2528,1953.0,New,433
2529,1952.0,New,433
2530,1961.0,New,433
2531,1945.0,Old,2382
2532,1980.0,New,433
2533,2004.0,Very New,175
2534,1929.0,Old,2382
2535,1947.0,Old,2382
2536,1947.0,Old,2382
2537,1954.0,New,433
2538,1942.0,Old,2382
2539,1953.0,New,433
2540,2009.0,Very New,175
2541,1920.0,Old,2382
2542,1954.0,New,433
2543,2018.0,Very New,175
2544,1952.0,New,433
2545,1950.0,Old,2382
2546,1950.0,Old,2382
2547,1946.0,Old,2382
2548,1946.0,Old,2382
2549,1957.0,New,433
2550,1946.0,Old,2382
2551,1935.0,Old,2382
2552,1941.0,Old,2382
2553,1940.0,Old,2382
2554,1959.0,New,433
2555,1958.0,New,433
2556,1945.0,Old,2382
2557,1940.0,Old,2382
2558,1938.0,Old,2382
2559,2009.0,Very New,175
2560,2006.0,Very New,175
2561,2006.0,Very New,175
2562,2006.0,Very New,175
2563,1953.0,New,433
2564,1953.0,New,433
2565,2010.0,Very New,175
2566,2009.0,Very New,175
2567,1947.0,Old,2382
2568,2008.0,Very New,175
2569,1943.0,Old,2382
2570,1945.0,Old,2382
2571,2006.0,Very New,175
2572,1953.0,New,433
2573,1938.0,Old,2382
2574,1995.0,New,433
2575,1940.0,Old,2382
2576,1969.0,New,433
2577,1968.0,New,433
2578,1925.0,Old,2382
2579,2007.0,Very New,175
2580,1952.0,New,433
2581,2007.0,Very New,175
2582,1924.0,Old,2382
2583,2015.0,Very New,175
2584,1958.0,New,433
2585,1945.0,Old,2382
2586,1945.0,Old,2382
2587,1945.0,Old,2382
2588,1945.0,Old,2382
2589,1945.0,Old,2382
2590,1926.0,Old,2382
2591,2008.0,Very New,175
2592,2008.0,Very New,175
2593,1947.0,Old,2382
2594,1945.0,Old,2382
2595,1962.0,New,433
2596,1950.0,Old,2382
2597,1941.0,Old,2382
2598,1945.0,Old,2382
2599,1939.0,Old,2382
2600,1959.0,New,433
2601,1940.0,Old,2382
2602,1946.0,Old,2382
2603,1926.0,Old,2382
2604,1926.0,Old,2382
2605,1951.0,New,433
2606,1965.0,New,433
2607,1939.0,Old,2382
2608,1948.0,Old,2382
2609,1937.0,Old,2382
2610,1939.0,Old,2382
2611,1939.0,Old,2382
2612,1939.0,Old,2382
2613,1937.0,Old,2382
2614,1960.0,New,433
2615,1943.0,Old,2382
2616,1953.0,New,433
2617,1925.0,Old,2382
2618,1925.0,Old,2382
2619,1953.0,New,433
2620,1950.0,Old,2382
2621,1942.0,Old,2382
2622,1965.0,New,433
2623,1958.0,New,433
2624,2001.0,Very New,175
2625,1989.0,New,433
2626,1989.0,New,433
2627,1950.0,Old,2382
2628,1962.0,New,433
2629,1962.0,New,433
2630,1949.0,Old,2382
2631,1949.0,Old,2382
2632,1942.0,Old,2382
2633,1950.0,Old,2382
2634,1952.0,New,433
2635,1953.0,New,433
2636,1943.0,Old,2382
2637,1927.0,Old,2382
2638,1945.0,Old,2382
2639,1945.0,Old,2382
2640,1940.0,Old,2382
2641,1940.0,Old,2382
2642,1942.0,Old,2382
2643,1946.0,Old,2382
2644,1946.0,Old,2382
2645,1945.0,Old,2382
2646,1950.0,Old,2382
2647,1960.0,New,433
2648,1950.0,Old,2382
2649,1950.0,Old,2382
2650,1952.0,New,433
2651,1952.0,New,433
2652,1947.0,Old,2382
2653,2008.0,Very New,175
2654,1942.0,Old,2382
2655,1969.0,New,433
2656,1925.0,Old,2382
2657,1937.0,Old,2382
2658,1939.0,Old,2382
2659,1950.0,Old,2382
2660,1926.0,Old,2382
2661,1946.0,Old,2382
2662,1946.0,Old,2382
2663,1963.0,New,433
2664,1949.0,Old,2382
2665,1952.0,New,433
2666,1949.0,Old,2382
2667,1941.0,Old,2382
2668,1961.0,New,433
2669,1925.0,Old,2382
2670,1965.0,New,433
2671,1938.0,Old,2382
2672,1930.0,Old,2382
2673,1940.0,Old,2382
2674,1940.0,Old,2382
2675,1936.0,Old,2382
2676,1930.0,Old,2382
2677,1931.0,Old,2382
2678,1942.0,Old,2382
2679,1942.0,Old,2382
2680,1955.0,New,433
2681,1947.0,Old,2382
2682,2004.0,Very New,175
2683,1924.0,Old,2382
2684,1955.0,New,433
2685,1963.0,New,433
2686,1936.0,Old,2382
2687,1953.0,New,433
2688,1932.0,Old,2382
2689,1956.0,New,433
2690,1950.0,Old,2382
2691,1942.0,Old,2382
2692,1948.0,Old,2382
2693,1940.0,Old,2382
2694,2004.0,Very New,175
2695,1962.0,New,433
2696,1947.0,Old,2382
2697,1941.0,Old,2382
2698,1942.0,Old,2382
2699,1940.0,Old,2382
2700,1969.0,New,433
2701,1975.0,New,433
2702,1953.0,New,433
2703,1937.0,Old,2382
2704,1938.0,Old,2382
2705,1963.0,New,433
2706,1940.0,Old,2382
2707,1943.0,Old,2382
2708,1953.0,New,433
2709,1941.0,Old,2382
2710,1927.0,Old,2382
2711,2006.0,Very New,175
2712,1949.0,Old,2382
2713,1949.0,Old,2382
2714,1925.0,Old,2382
2715,1927.0,Old,2382
2716,1957.0,New,433
2717,1940.0,Old,2382
2718,1978.0,New,433
2719,1937.0,Old,2382
2720,1948.0,Old,2382
2721,1955.0,New,433
2722,1955.0,New,433
2723,1910.0,Old,2382
2724,1938.0,Old,2382
2725,1941.0,Old,2382
2726,1939.0,Old,2382
2727,1938.0,Old,2382
2728,1940.0,Old,2382
2729,1956.0,New,433
2730,1929.0,Old,2382
2731,1927.0,Old,2382
2732,1908.0,Old,2382
2733,1925.0,Old,2382
2734,1914.0,Old,2382
2735,1923.0,Old,2382
2736,1940.0,Old,2382
2737,1925.0,Old,2382
2738,1952.0,New,433
2739,1965.0,New,433
2740,1941.0,Old,2382
2741,1941.0,Old,2382
2742,1941.0,Old,2382
2743,1938.0,Old,2382
2744,1932.0,Old,2382
2745,1936.0,Old,2382
2746,1935.0,Old,2382
2747,1931.0,Old,2382
2748,1936.0,Old,2382
2749,1946.0,Old,2382
2750,1946.0,Old,2382
2751,1964.0,New,433
2752,1954.0,New,433
2753,1965.0,New,433
2754,1940.0,Old,2382
2755,1905.0,Old,2382
2756,1905.0,Old,2382
2757,1946.0,Old,2382
2758,1948.0,Old,2382
2759,2000.0,New,433
2760,1951.0,New,433
2761,2006.0,Very New,175
2762,1954.0,New,433
2763,2008.0,Very New,175
2764,1926.0,Old,2382
2765,1926.0,Old,2382
2766,1910.0,Old,2382
2767,1905.0,Old,2382
2768,1947.0,Old,2382
2769,1924.0,Old,2382
2770,1947.0,Old,2382
2771,2007.0,Very New,175
2772,1952.0,New,433
2773,1910.0,Old,2382
2774,1947.0,Old,2382
2775,1940.0,Old,2382
2776,2005.0,Very New,175
2777,2005.0,Very New,175
2778,1905.0,Old,2382
2779,2007.0,Very New,175
2780,1928.0,Old,2382
2781,1980.0,New,433
2782,1959.0,New,433
2783,1937.0,Old,2382
2784,1931.0,Old,2382
2785,2007.0,Very New,175
2786,2007.0,Very New,175
2787,2005.0,Very New,175
2788,1938.0,Old,2382
2789,1954.0,New,433
2790,1941.0,Old,2382
2791,1905.0,Old,2382
2792,1942.0,Old,2382
2793,1925.0,Old,2382
2794,1910.0,Old,2382
2795,1945.0,Old,2382
2796,1951.0,New,433
2797,1951.0,New,433
2798,1948.0,Old,2382
2799,2007.0,Very New,175
2800,2006.0,Very New,175
2801,1940.0,Old,2382
2802,1944.0,Old,2382
2803,1943.0,Old,2382
2804,1946.0,Old,2382
2805,1927.0,Old,2382
2806,1924.0,Old,2382
2807,1961.0,New,433
2808,1928.0,Old,2382
2809,1938.0,Old,2382
2810,1938.0,Old,2382
2811,2006.0,Very New,175
2812,2007.0,Very New,175
2813,1937.0,Old,2382
2814,1933.0,Old,2382
2815,1939.0,Old,2382
2816,1945.0,Old,2382
2817,1948.0,Old,2382
2818,2003.0,Very New,175
2819,1908.0,Old,2382
2820,2001.0,Very New,175
2821,1940.0,Old,2382
2822,1940.0,Old,2382
2823,1946.0,Old,2382
2824,1946.0,Old,2382
2825,2001.0,Very New,175
2826,2003.0,Very New,175
2827,2005.0,Very New,175
2828,1936.0,Old,2382
2829,1977.0,New,433
2830,1977.0,New,433
2831,2008.0,Very New,175
2832,2008.0,Very New,175
2833,2016.0,Very New,175
2834,1945.0,Old,2382
2835,1905.0,Old,2382
2836,1915.0,Old,2382
2837,2008.0,Very New,175
2838,2016.0,Very New,175
2839,1947.0,Old,2382
2840,2001.0,Very New,175
2841,1905.0,Old,2382
2842,2005.0,Very New,175
2843,2005.0,Very New,175
2844,1969.0,New,433
2845,1972.0,New,433
2846,1941.0,Old,2382
2847,1976.0,New,433
2848,1976.0,New,433
2849,2001.0,Very New,175
2850,1910.0,Old,2382
2851,1927.0,Old,2382
2852,1927.0,Old,2382
2853,2008.0,Very New,175
2854,2007.0,Very New,175
2855,1922.0,Old,2382
2856,1946.0,Old,2382
2857,1900.0,Old,2382
2858,1978.0,New,433
2859,1978.0,New,433
2860,1943.0,Old,2382
2861,1941.0,Old,2382
2862,2004.0,Very New,175
2863,2005.0,Very New,175
2864,1976.0,New,433
2865,1937.0,Old,2382
2866,1980.0,New,433
2867,1980.0,New,433
2868,1943.0,Old,2382
2869,1911.0,Old,2382
2870,2008.0,Very New,175
2871,2016.0,Very New,175
2872,1980.0,New,433
2873,1948.0,Old,2382
2874,1948.0,Old,2382
2875,1942.0,Old,2382
2876,1942.0,Old,2382
2877,2005.0,Very New,175
2878,2009.0,Very New,175
2879,2009.0,Very New,175
2880,1905.0,Old,2382
2881,2007.0,Very New,175
2882,1905.0,Old,2382
2883,1999.0,New,433
2884,1952.0,New,433
2885,1956.0,New,433
2886,2000.0,New,433
2887,2000.0,New,433
2888,2006.0,Very New,175
2889,2006.0,Very New,175
2890,1937.0,Old,2382
2891,1951.0,New,433
2892,1951.0,New,433
2893,2002.0,Very New,175
2894,1978.0,New,433
2895,1999.0,New,433
2896,1999.0,New,433
2897,1929.0,Old,2382
2898,1942.0,Old,2382
2899,1999.0,New,433
2900,1948.0,Old,2382
2901,1944.0,Old,2382
2902,1946.0,Old,2382
2903,1942.0,Old,2382
2904,1930.0,Old,2382
2905,1968.0,New,433
2906,0.0,Very Old,10
2907,0.0,Very Old,10
2908,2002.0,Very New,175
2909,2003.0,Very New,175
2910,2007.0,Very New,175
2911,2006.0,Very New,175
2912,1943.0,Old,2382
2913,1950.0,Old,2382
2914,1950.0,Old,2382
2915,1952.0,New,433
2916,1947.0,Old,2382
2917,1949.0,Old,2382
2918,1949.0,Old,2382
2919,1928.0,Old,2382
2920,2017.0,Very New,175
2921,1910.0,Old,2382
2922,1952.0,New,433
2923,1953.0,New,433
2924,1953.0,New,433
2925,2002.0,Very New,175
2926,1962.0,New,433
2927,1947.0,Old,2382
2928,1939.0,Old,2382
2929,1942.0,Old,2382
2930,1942.0,Old,2382
2931,2014.0,Very New,175
2932,1946.0,Old,2382
2933,1946.0,Old,2382
2934,1954.0,New,433
2935,1922.0,Old,2382
2936,1940.0,Old,2382
2937,1951.0,New,433
2938,1931.0,Old,2382
2939,1943.0,Old,2382
2940,1905.0,Old,2382
2941,1905.0,Old,2382
2942,1905.0,Old,2382
2943,1900.0,Old,2382
2944,1927.0,Old,2382
2945,1940.0,Old,2382
2946,1988.0,New,433
2947,1950.0,Old,2382
2948,1966.0,New,433
2949,1966.0,New,433
2950,1951.0,New,433
2951,2017.0,Very New,175
2952,1945.0,Old,2382
2953,1953.0,New,433
2954,2007.0,Very New,175
2955,1942.0,Old,2382
2956,1941.0,Old,2382
2957,1940.0,Old,2382
2958,1980.0,New,433
2959,1980.0,New,433
2960,1944.0,Old,2382
2961,1949.0,Old,2382
2962,1947.0,Old,2382
2963,1947.0,Old,2382
2964,1947.0,Old,2382
2965,1941.0,Old,2382
2966,1941.0,Old,2382
2967,1951.0,New,433
2968,1949.0,Old,2382
2969,1955.0,New,433
2970,1942.0,Old,2382
2971,1936.0,Old,2382
2972,1916.0,Old,2382
2973,2006.0,Very New,175
2974,2006.0,Very New,175
2975,2006.0,Very New,175
2976,2006.0,Very New,175
2977,2006.0,Very New,175
2978,2001.0,Very New,175
2979,1940.0,Old,2382
2980,1977.0,New,433
2981,1946.0,Old,2382
2982,2000.0,New,433
2983,1941.0,Old,2382
2984,1949.0,Old,2382
2985,2010.0,Very New,175
2986,2010.0,Very New,175
2987,1945.0,Old,2382
2988,1952.0,New,433
2989,1940.0,Old,2382
2990,1913.0,Old,2382
2991,1905.0,Old,2382
2992,1937.0,Old,2382
2993,1936.0,Old,2382
2994,1948.0,Old,2382
2995,1941.0,Old,2382
2996,1941.0,Old,2382
2997,1980.0,New,433
2998,1980.0,New,433
2999,1953.0,New,433
